name;u;v;targetU;targetV;d;R;G;B;W;A;
-20;0.14868903646503173;0.46897351487165956;0.1487;0.469;8.216611222086314e-10;			24;255;54;0;96