name;u;v;targetU;targetV;d;R;G;B;W;A;
-20;0.14876652876575092;0.46899030856449697;0.1487;0.469;4.520000594449248e-9;			73;243;50;0;0